trade_date,id,security_id,pre_settl_price,pre_close_price,open_price,highest_price,lowest_price,settl_price,close_price,turnover_vol,turnover_value,open_int,chg,chg1,chg_pct,maincon,smaincon,week,last_trade_date,update_time,end_date,ticker_symbol,exchange_cd,sec_short_name,contract_object,contract_mark
18aug2023,13485864,756412,780,780,770,932.90002,770,895,916.29999,343882,15389881735,12099,136.3,115,.17474359,1,0,2023w33,29apr2024,18aug2023 16:10:04,01apr2024,2404,XSIE,集运指数（欧线）2404,EC,L0
21aug2023,13486595,756412,895,916.29999,918,950,894.09998,916.70001,903.20001,268074,12287785925,14428,8.1999998,21.700001,.0091620097,1,0,2023w34,29apr2024,21aug2023 16:08:53,01apr2024,2404,XSIE,集运指数（欧线）2404,EC,L0
22aug2023,13487326,756412,916.70001,903.20001,895.40002,957,885,923.40002,895.09998,332138,15335707715,15913,-21.6,6.6999998,-.02356278,1,0,2023w34,29apr2024,22aug2023 16:15:03,01apr2024,2404,XSIE,集运指数（欧线）2404,EC,L0
23aug2023,13488057,756412,923.40002,895.09998,895,930.70001,894.40002,909.79999,901.59998,263360,11981099835,16859,-21.799999,-13.6,-.0236084,1,0,2023w34,29apr2024,23aug2023 16:10:17,01apr2024,2404,XSIE,集运指数（欧线）2404,EC,L0
24aug2023,13488788,756412,909.79999,901.59998,905,920.70001,866,897.20001,874.79999,261191,11717389485,20109,-35,-12.6,-.038469989,1,0,2023w34,29apr2024,24aug2023 16:09:53,01apr2024,2404,XSIE,集运指数（欧线）2404,EC,L0
25aug2023,13489519,756412,897.20001,874.79999,880,888,852,869.90002,861.5,229053,9963470530,21668,-35.700001,-27.299999,-.039790459,1,0,2023w34,29apr2024,25aug2023 16:09:30,01apr2024,2404,XSIE,集运指数（欧线）2404,EC,L0
28aug2023,13490250,756412,869.90002,861.5,872.09998,890,826.20001,858.40002,847.90002,204338,8770196250,22475,-22,-11.5,-.02529026,1,0,2023w35,29apr2024,28aug2023 16:12:41,01apr2024,2404,XSIE,集运指数（欧线）2404,EC,L0
29aug2023,13490981,756412,858.40002,847.90002,848.09998,867.79999,831.20001,853.70001,855.70001,207637,8863588480,20026,-2.7,-4.6999998,-.00314539,1,0,2023w35,29apr2024,29aug2023 16:12:18,01apr2024,2404,XSIE,集运指数（欧线）2404,EC,L0
30aug2023,13491712,756412,853.70001,855.70001,861.09998,875,855.70001,866.40002,864,169160,7328483335,17960,10.3,12.7,.01206513,1,0,2023w35,29apr2024,30aug2023 16:09:43,01apr2024,2404,XSIE,集运指数（欧线）2404,EC,L0
31aug2023,13492443,756412,866.40002,864,865,872,842.29999,853.59998,857.29999,198891,8489493675,19316,-9.1000004,-12.8,-.01050323,1,0,2023w35,29apr2024,31aug2023 16:09:20,01apr2024,2404,XSIE,集运指数（欧线）2404,EC,L0
01sep2023,13493174,756412,853.59998,857.29999,866.5,895.79999,857.29999,880,883.70001,213787,9407675560,20147,30.1,26.4,.035262421,1,0,2023w35,29apr2024,01sep2023 16:08:56,01apr2024,2404,XSIE,集运指数（欧线）2404,EC,L0
04sep2023,13493905,756412,880,883.70001,895,900,872.79999,882.90002,877.79999,157748,6964012985,21372,-2.2,2.9000001,-.0024999999,1,0,2023w36,29apr2024,04sep2023 16:12:08,01apr2024,2404,XSIE,集运指数（欧线）2404,EC,L0
05sep2023,13494636,756412,882.90002,877.79999,878,971.09998,877.20001,944,969,347586,16406272940,30025,86.099998,61.099998,.097519539,1,0,2023w36,29apr2024,05sep2023 16:09:33,01apr2024,2404,XSIE,集运指数（欧线）2404,EC,L0
06sep2023,13495367,756412,944,969,972,980.40002,918,937,928.59998,346145,16217251560,27606,-15.4,-7,-.01631356,1,0,2023w36,29apr2024,06sep2023 16:09:09,01apr2024,2404,XSIE,集运指数（欧线）2404,EC,L0
07sep2023,13496098,756412,937,928.59998,930,961,910,931.40002,920.09998,312316,14545224035,29062,-16.9,-5.5999999,-.018036289,1,0,2023w36,29apr2024,07sep2023 16:10:57,01apr2024,2404,XSIE,集运指数（欧线）2404,EC,L0
08sep2023,13496829,756412,931.40002,920.09998,915,934.70001,890.40002,907.40002,891,242683,11011444790,28955,-40.400002,-24,-.043375559,1,0,2023w36,29apr2024,08sep2023 16:10:33,01apr2024,2404,XSIE,集运指数（欧线）2404,EC,L0
11sep2023,13497560,756412,907.40002,891,892.90002,918.59998,888.79999,904.90002,905.29999,181314,8204203310,29825,-2.0999999,-2.5,-.0023143,1,0,2023w37,29apr2024,11sep2023 16:09:23,01apr2024,2404,XSIE,集运指数（欧线）2404,EC,L0
12sep2023,13498291,756412,904.90002,905.29999,909,921.79999,898,906.90002,905.29999,145552,6600099615,30208,.40000001,2,.00044204001,1,0,2023w37,29apr2024,12sep2023 16:08:59,01apr2024,2404,XSIE,集运指数（欧线）2404,EC,L0
13sep2023,13499022,756412,906.90002,905.29999,910,918.79999,868.59998,895.59998,876.40002,195593,8758803345,32468,-30.5,-11.3,-.033631049,1,0,2023w37,29apr2024,13sep2023 16:10:47,01apr2024,2404,XSIE,集运指数（欧线）2404,EC,L0
14sep2023,13499753,756412,895.59998,876.40002,878,890.59998,866,878.79999,870.5,141628,6223482000,34337,-25.1,-16.799999,-.028025899,1,0,2023w37,29apr2024,14sep2023 16:10:23,01apr2024,2404,XSIE,集运指数（欧线）2404,EC,L0
15sep2023,13500484,756412,878.79999,870.5,878,889.79999,871.5,879.5,884.5,116020,5102217775,31022,5.6999998,.69999999,.0064861202,1,0,2023w37,29apr2024,15sep2023 16:10:00,01apr2024,2404,XSIE,集运指数（欧线）2404,EC,L0
18sep2023,13501228,756412,879.5,884.5,884.79999,914.5,880,900,897.70001,153019,6886047065,31832,18.200001,20.5,.02069358,1,0,2023w38,29apr2024,18sep2023 16:08:49,01apr2024,2404,XSIE,集运指数（欧线）2404,EC,L0
19sep2023,13501972,756412,900,897.70001,900,908.09998,886,895.79999,894.90002,105863,4741919185,31798,-5.0999999,-4.1999998,-.0056666699,1,0,2023w38,29apr2024,19sep2023 16:10:36,01apr2024,2404,XSIE,集运指数（欧线）2404,EC,L0
20sep2023,13502716,756412,895.79999,894.90002,898,916,894,903.29999,908.70001,100050,4519157020,32067,12.9,7.5,.01440054,1,0,2023w38,29apr2024,20sep2023 16:10:13,01apr2024,2404,XSIE,集运指数（欧线）2404,EC,L0
21sep2023,13503460,756412,903.29999,908.70001,906,911.29999,878.20001,893.5,882,119952,5359425335,31836,-21.299999,-9.8000002,-.02358021,1,0,2023w38,29apr2024,21sep2023 16:09:49,01apr2024,2404,XSIE,集运指数（欧线）2404,EC,L0
22sep2023,13504204,756412,893.5,882,890,890,870,880.5,877.79999,103584,4560446055,32413,-15.7,-13,-.017571351,1,0,2023w38,29apr2024,22sep2023 16:11:37,01apr2024,2404,XSIE,集运指数（欧线）2404,EC,L0
25sep2023,13504948,756412,880.5,877.79999,876.29999,884.40002,831.59998,859.59998,834.09998,144608,6215922380,41869,-46.400002,-20.9,-.052697331,1,0,2023w39,29apr2024,25sep2023 16:10:26,01apr2024,2404,XSIE,集运指数（欧线）2404,EC,L0
26sep2023,13505692,756412,859.59998,834.09998,824,830,773.59998,794.20001,773.70001,268344,10656755260,53426,-85.900002,-65.400002,-.099930197,1,0,2023w39,29apr2024,26sep2023 16:10:03,01apr2024,2404,XSIE,集运指数（欧线）2404,EC,L0
27sep2023,13506436,756412,794.20001,773.70001,774.40002,781.29999,730.29999,750.70001,753.40002,392358,14727844455,52189,-40.799999,-43.5,-.05137245,1,0,2023w39,29apr2024,27sep2023 16:09:39,01apr2024,2404,XSIE,集运指数（欧线）2404,EC,L0
28sep2023,13507180,756412,750.70001,753.40002,759.59998,768,706.70001,731.59998,716.90002,372380,13622282550,55224,-33.799999,-19.1,-.045024641,1,0,2023w39,29apr2024,28sep2023 16:09:16,01apr2024,2404,XSIE,集运指数（欧线）2404,EC,L0
09oct2023,13507924,756412,731.59998,716.90002,711,744.09998,689,715.79999,737,234506,8394059475,58311,5.4000001,-15.8,.0073810802,1,0,2023w41,29apr2024,09oct2023 16:09:19,01apr2024,2404,XSIE,集运指数（欧线）2404,EC,L0
10oct2023,13508668,756412,715.79999,737,739.29999,753,716.29999,732.79999,727.20001,305941,11210886715,63859,11.4,17,.01592624,1,0,2023w41,29apr2024,10oct2023 16:13:17,01apr2024,2404,XSIE,集运指数（欧线）2404,EC,L0
11oct2023,13509412,756412,732.79999,727.20001,734,755.09998,728,745,744,290003,10803846825,63749,11.2,12.2,.01528384,1,0,2023w41,29apr2024,11oct2023 16:12:54,01apr2024,2404,XSIE,集运指数（欧线）2404,EC,L0
12oct2023,13510156,756412,745,744,741,800.5,727.40002,769.40002,786.5,406907,15654284965,61379,41.5,24.4,.055704702,1,0,2023w41,29apr2024,12oct2023 16:12:30,01apr2024,2404,XSIE,集运指数（欧线）2404,EC,L0
13oct2023,13510900,756412,769.40002,786.5,781,799.90002,770.20001,782,781.79999,313844,12272135585,58328,12.4,12.6,.01611645,1,0,2023w41,29apr2024,13oct2023 16:12:07,01apr2024,2404,XSIE,集运指数（欧线）2404,EC,L0
16oct2023,13511644,756412,782,781.79999,788,823,781.59998,804,781.70001,345248,13879982285,61827,-.30000001,22,-.00038362999,1,0,2023w42,29apr2024,16oct2023 16:13:07,01apr2024,2404,XSIE,集运指数（欧线）2404,EC,L0
17oct2023,13512390,756412,804,781.70001,777.5,778,723.59998,740.59998,723.59998,419664,15540453485,73544,-80.400002,-63.400002,-.1,1,0,2023w42,29apr2024,17oct2023 16:10:32,01apr2024,2404,XSIE,集运指数（欧线）2404,EC,L0
18oct2023,13513136,756412,740.59998,723.59998,725,744,714,728.79999,732.70001,457055,16655593375,72301,-7.9000001,-11.8,-.01066703,1,0,2023w42,29apr2024,18oct2023 16:12:20,01apr2024,2404,XSIE,集运指数（欧线）2404,EC,L0
19oct2023,13513882,756412,728.79999,732.70001,727.40002,759.70001,720,740.90002,756.90002,401510,14874137200,67090,28.1,12.1,.038556531,1,0,2023w42,29apr2024,19oct2023 16:11:56,01apr2024,2404,XSIE,集运指数（欧线）2404,EC,L0
20oct2023,13514628,756412,740.90002,756.90002,760,773.90002,712,746.40002,736.40002,469683,17530505630,69845,-4.5,5.5,-.00607369,1,0,2023w42,29apr2024,20oct2023 16:13:44,01apr2024,2404,XSIE,集运指数（欧线）2404,EC,L0
23oct2023,13515374,756412,746.40002,736.40002,738.79999,769.40002,730.09998,753.90002,757.79999,462435,17431691075,68771,11.4,7.5,.01527331,1,0,2023w43,29apr2024,23oct2023 16:12:33,01apr2024,2404,XSIE,集运指数（欧线）2404,EC,L0
24oct2023,13516123,756412,753.90002,757.79999,755,776.79999,744.09998,763.40002,770.40002,421330,16083898160,66905,16.5,9.5,.02188619,1,0,2023w43,29apr2024,24oct2023 16:09:59,01apr2024,2404,XSIE,集运指数（欧线）2404,EC,L0
25oct2023,13516872,756412,763.40002,770.40002,772.79999,781.70001,738.90002,755.5,746.09998,385409,14559469280,69687,-17.299999,-7.9000001,-.022661779,1,0,2023w43,29apr2024,25oct2023 16:09:35,01apr2024,2404,XSIE,集运指数（欧线）2404,EC,L0
26oct2023,13517621,756412,755.5,746.09998,752,763,741.09998,752.90002,758.79999,243582,9170518830,65747,3.3,-2.5999999,.0043679699,1,0,2023w43,29apr2024,26oct2023 16:09:11,01apr2024,2404,XSIE,集运指数（欧线）2404,EC,L0
27oct2023,13518370,756412,752.90002,758.79999,755,769,744.5,756,762.09998,214315,8102032035,65755,9.1999998,3.0999999,.01221942,1,0,2023w43,29apr2024,27oct2023 16:08:48,01apr2024,2404,XSIE,集运指数（欧线）2404,EC,L0
30oct2023,13519119,756412,756,762.09998,780,801,777,791.09998,794,203807,8062198845,65651,38,35.099998,.050264549,1,0,2023w44,29apr2024,30oct2023 16:11:59,01apr2024,2404,XSIE,集运指数（欧线）2404,EC,L0
31oct2023,13519868,756412,791.09998,794,778,789.59998,766.20001,779.29999,780.90002,190646,7429371330,64763,-10.2,-11.8,-.01289344,1,0,2023w44,29apr2024,31oct2023 16:09:25,01apr2024,2404,XSIE,集运指数（欧线）2404,EC,L0
01nov2023,13520617,756412,779.29999,780.90002,776,795,774.20001,783.70001,782.79999,147397,5775799210,63603,3.5,4.4000001,.00449121,1,0,2023w44,29apr2024,01nov2023 16:09:01,01apr2024,2404,XSIE,集运指数（欧线）2404,EC,L0
02nov2023,13521366,756412,783.70001,782.79999,780,784.90002,748,762.29999,756.40002,228892,8725113950,72502,-27.299999,-21.4,-.034834761,1,0,2023w44,29apr2024,02nov2023 16:08:38,01apr2024,2404,XSIE,集运指数（欧线）2404,EC,L0
03nov2023,13522115,756412,762.29999,756.40002,762.40002,771.59998,756.5,765.20001,768.09998,147861,5657626340,66783,5.8000002,2.9000001,.0076085501,1,0,2023w44,29apr2024,03nov2023 16:10:25,01apr2024,2404,XSIE,集运指数（欧线）2404,EC,L0
06nov2023,13522864,756412,765.20001,768.09998,770,775.40002,755,762.70001,763.40002,146956,5604661015,68637,-1.8,-2.5,-.0023523299,1,0,2023w45,29apr2024,06nov2023 16:11:26,01apr2024,2404,XSIE,集运指数（欧线）2404,EC,L0
07nov2023,13523613,756412,762.70001,763.40002,762.5,762.5,718,732.20001,718.90002,203160,7438644575,77931,-43.799999,-30.5,-.057427559,1,0,2023w45,29apr2024,07nov2023 16:08:51,01apr2024,2404,XSIE,集运指数（欧线）2404,EC,L0
08nov2023,13524362,756412,732.20001,718.90002,712,735.40002,706,725.29999,727.90002,158127,5735035000,73450,-4.3000002,-6.9000001,-.0058727101,1,0,2023w45,29apr2024,08nov2023 16:10:38,01apr2024,2404,XSIE,集运指数（欧线）2404,EC,L0
09nov2023,13525111,756412,725.29999,727.90002,726,734.5,713.29999,723.70001,719.40002,137631,4980229665,77435,-5.9000001,-1.6,-.00813457,1,0,2023w45,29apr2024,09nov2023 16:10:15,01apr2024,2404,XSIE,集运指数（欧线）2404,EC,L0
10nov2023,13525860,756412,723.70001,719.40002,724,748.59998,723.59998,738,737.90002,154663,5707320580,66851,14.2,14.3,.019621391,1,0,2023w45,29apr2024,10nov2023 16:09:51,01apr2024,2404,XSIE,集运指数（欧线）2404,EC,L0
13nov2023,13526609,756412,738,737.90002,742,744.79999,722.79999,731.70001,737.29999,116814,4273788420,70244,-.69999999,-6.3000002,-.00094851002,1,0,2023w46,29apr2024,13nov2023 16:08:41,01apr2024,2404,XSIE,集运指数（欧线）2404,EC,L0
14nov2023,13527358,756412,731.70001,737.29999,762,798.79999,756.09998,776.79999,759.79999,268257,10420064505,71473,28.1,45.099998,.03840372,1,0,2023w46,29apr2024,14nov2023 16:10:28,01apr2024,2404,XSIE,集运指数（欧线）2404,EC,L0
15nov2023,13528107,756412,776.79999,759.79999,765,774.59998,757.79999,768.09998,767,126281,4850309810,68991,-9.8000002,-8.6999998,-.01261586,1,0,2023w46,29apr2024,15nov2023 16:10:05,01apr2024,2404,XSIE,集运指数（欧线）2404,EC,L0
16nov2023,13528860,756412,768.09998,767,764,778,760.79999,770.20001,776.09998,108334,4172370145,68243,8,2.0999999,.01041531,1,0,2023w46,29apr2024,16nov2023 16:09:41,01apr2024,2404,XSIE,集运指数（欧线）2404,EC,L0
17nov2023,13529613,756412,770.20001,776.09998,772,773,745.29999,757.20001,761.90002,127851,4840858910,63650,-8.3000002,-13,-.01077642,1,0,2023w46,29apr2024,17nov2023 16:09:18,01apr2024,2404,XSIE,集运指数（欧线）2404,EC,L0
20nov2023,13530366,756412,757.20001,761.90002,770,780.79999,758.5,768.5,758.90002,101313,3893336565,62996,1.7,11.3,.00224511,1,0,2023w47,29apr2024,20nov2023 16:10:18,01apr2024,2404,XSIE,集运指数（欧线）2404,EC,L0
21nov2023,13531119,756412,768.5,758.90002,750.40002,764.29999,730.09998,748,734,137655,5148377630,66387,-34.5,-20.5,-.04489265,1,0,2023w47,29apr2024,21nov2023 16:09:54,01apr2024,2404,XSIE,集运指数（欧线）2404,EC,L0
22nov2023,13531872,756412,748,734,736,742.79999,726,735.79999,738.29999,98374,3619427210,65946,-9.6999998,-12.2,-.01296791,1,0,2023w47,29apr2024,22nov2023 16:09:31,01apr2024,2404,XSIE,集运指数（欧线）2404,EC,L0
23nov2023,13532625,756412,735.79999,738.29999,736.29999,739.40002,720,728.59998,733.59998,104969,3824457680,66187,-2.2,-7.1999998,-.0029899401,1,0,2023w47,29apr2024,23nov2023 16:09:07,01apr2024,2404,XSIE,集运指数（欧线）2404,EC,L0
24nov2023,13533378,756412,728.59998,733.59998,736,770,735,751,758.90002,175447,6588550305,64585,30.299999,22.4,.0415866,1,0,2023w47,29apr2024,24nov2023 16:08:44,01apr2024,2404,XSIE,集运指数（欧线）2404,EC,L0
27nov2023,13534131,756412,751,758.90002,770,778.79999,756.70001,767.90002,767,117821,4524055340,63542,16,16.9,.02130493,1,0,2023w48,29apr2024,27nov2023 16:09:44,01apr2024,2404,XSIE,集运指数（欧线）2404,EC,L0
28nov2023,13534884,756412,767.90002,767,764,796,757.5,781.20001,786.20001,148055,5783441575,65486,18.299999,13.3,.02383123,1,0,2023w48,29apr2024,28nov2023 16:09:21,01apr2024,2404,XSIE,集运指数（欧线）2404,EC,L0
29nov2023,13535637,756412,781.20001,786.20001,795,808.09998,775.5,787.5,790.29999,137525,5415477380,64808,9.1000004,6.3000002,.01164875,1,0,2023w48,29apr2024,29nov2023 16:08:57,01apr2024,2404,XSIE,集运指数（欧线）2404,EC,L0
30nov2023,13536390,756412,787.5,790.29999,794.5,843,786.40002,822.40002,829,251849,10356911935,69429,41.5,34.900002,.052698411,1,0,2023w48,29apr2024,30nov2023 16:10:45,01apr2024,2404,XSIE,集运指数（欧线）2404,EC,L0
01dec2023,13537143,756412,822.40002,829,828,852.40002,805,835.40002,818.5,219838,9183482960,64152,-3.9000001,13,-.00474222,1,0,2023w48,29apr2024,01dec2023 16:10:21,01apr2024,2404,XSIE,集运指数（欧线）2404,EC,L0
04dec2023,13537896,756412,835.40002,818.5,826.90002,858,808,832.5,824.40002,208675,8686888745,69519,-11,-2.9000001,-.01316734,1,0,2023w49,29apr2024,04dec2023 16:11:21,01apr2024,2404,XSIE,集运指数（欧线）2404,EC,L0
05dec2023,13538649,756412,832.5,824.40002,819,838,751.90002,792.59998,796,336752,13346040845,66454,-36.5,-39.900002,-.043843839,1,0,2023w49,29apr2024,05dec2023 16:10:58,01apr2024,2404,XSIE,集运指数（欧线）2404,EC,L0
06dec2023,13539402,756412,792.59998,796,799,815,782,800.40002,810.40002,213157,8531249285,64151,17.799999,7.8000002,.02245773,1,0,2023w49,29apr2024,06dec2023 16:10:34,01apr2024,2404,XSIE,集运指数（欧线）2404,EC,L0
07dec2023,13540155,756412,800.40002,810.40002,806,876,801.09998,847.29999,870.09998,266089,11273462070,67304,69.699997,46.900002,.087081462,1,0,2023w49,29apr2024,07dec2023 16:10:11,01apr2024,2404,XSIE,集运指数（欧线）2404,EC,L0
08dec2023,13540908,756412,847.29999,870.09998,875.70001,898,859.40002,878.5,894,251272,11038057780,70407,46.700001,31.200001,.055116251,1,0,2023w49,29apr2024,08dec2023 16:09:47,01apr2024,2404,XSIE,集运指数（欧线）2404,EC,L0
11dec2023,13541661,756412,878.5,894,904.20001,914.70001,880.20001,897,900.40002,214678,9628748760,74728,21.9,18.5,.02492886,1,0,2023w50,29apr2024,11dec2023 16:10:48,01apr2024,2404,XSIE,集运指数（欧线）2404,EC,L0
12dec2023,13542414,756412,897,900.40002,917,923,888.20001,905.70001,909.90002,179420,8125228820,79297,12.9,8.6999998,.01438127,1,0,2023w50,29apr2024,12dec2023 16:10:24,01apr2024,2404,XSIE,集运指数（欧线）2404,EC,L0
13dec2023,13543167,756412,905.70001,909.90002,900.09998,905,872.20001,886.20001,893,192437,8527526125,75917,-12.7,-19.5,-.0140223,1,0,2023w50,29apr2024,13dec2023 16:10:01,01apr2024,2404,XSIE,集运指数（欧线）2404,EC,L0
14dec2023,13543920,756412,886.20001,893,903,931.29999,883,910,886,237584,10810315240,75636,-.2,23.799999,-.00022568001,1,0,2023w50,29apr2024,14dec2023 16:09:37,01apr2024,2404,XSIE,集运指数（欧线）2404,EC,L0
15dec2023,13544673,756412,910,886,890,899.90002,878,890.70001,899.20001,187708,8360431680,77641,-10.8,-19.299999,-.01186813,1,0,2023w50,29apr2024,15dec2023 16:09:13,01apr2024,2404,XSIE,集运指数（欧线）2404,EC,L0
18dec2023,13545430,756412,890.70001,899.20001,979.70001,979.70001,953,969.20001,979.70001,155756,7548566550,84995,89,78.5,.099921413,1,0,2023w51,29apr2024,18dec2023 16:10:14,01apr2024,2404,XSIE,集运指数（欧线）2404,EC,L0
19dec2023,13546187,756412,969.20001,979.70001,1088,1095.1,1030,1062.2,1092.9,414440,22011343395,80739,123.7,93,.12763104,1,0,2023w51,29apr2024,19dec2023 16:09:50,01apr2024,2404,XSIE,集运指数（欧线）2404,EC,L0
20dec2023,13546944,756412,1062.2,1092.9,1110,1168.4,1075,1124.4,1168.4,589969,33168299375,115765,106.2,62.200001,.099981166,1,0,2023w51,29apr2024,20dec2023 16:09:27,01apr2024,2404,XSIE,集运指数（欧线）2404,EC,L0
21dec2023,13547701,756412,1124.4,1168.4,1166.9,1236.8,1150.3,1209.8,1236.8,409399,24764583715,134931,112.4,85.400002,.099964432,1,0,2023w51,29apr2024,21dec2023 16:09:03,01apr2024,2404,XSIE,集运指数（欧线）2404,EC,L0
22dec2023,13548458,756412,1209.8,1236.8,1278.4,1391.2,1262.8,1348.6,1391.2,277901,18740109435,134537,181.39999,138.8,.14994214,1,0,2023w51,29apr2024,22dec2023 16:10:51,01apr2024,2404,XSIE,集运指数（欧线）2404,EC,L0
25dec2023,13549215,756412,1348.6,1391.2,1348.5,1416,1163.8,1281,1330,499862,32016164050,92059,-18.6,-67.599998,-.01379208,1,0,2023w52,29apr2024,25dec2023 16:09:40,01apr2024,2404,XSIE,集运指数（欧线）2404,EC,L0
26dec2023,13549972,756412,1281,1330,1330,1498.7,1314.3,1454.1,1498.7,224278,16307168015,95916,217.7,173.10001,.16994536,1,0,2023w52,29apr2024,26dec2023 16:07:05,01apr2024,2404,XSIE,集运指数（欧线）2404,EC,L0
27dec2023,13550729,756412,1454.1,1498.7,1587.7,1744.9,1552,1689,1744.9,290775,24556196730,82254,290.79999,234.89999,.19998625,1,0,2023w52,29apr2024,27dec2023 16:08:53,01apr2024,2404,XSIE,集运指数（欧线）2404,EC,L0
28dec2023,13551486,756412,1689,1744.9,1660,1849,1570,1727,1719.4,198351,17128526050,68454,30.4,38,.01799882,1,0,2023w52,29apr2024,28dec2023 16:10:41,01apr2024,2404,XSIE,集运指数（欧线）2404,EC,L0
29dec2023,13552243,756412,1727,1719.4,1671.2,1700,1510,1604,1643,168433,13508962510,57636,-84,-123,-.04863926,1,0,2023w52,29apr2024,29dec2023 16:08:06,01apr2024,2404,XSIE,集运指数（欧线）2404,EC,L0
02jan2024,13553000,756412,1604,1643,1850,1924.8,1850,1913.8,1924.8,16711,1599111480,57048,320.79999,309.79999,.2,1,0,2024w1,29apr2024,02jan2024 16:06:32,01apr2024,2404,XSIE,集运指数（欧线）2404,EC,L0
03jan2024,13553757,756412,1913.8,1924.8,2345,2353.8999,2216.6001,2326.2,2353.8999,75202,8746940050,45308,440.10001,412.39999,.22996134,1,0,2024w1,29apr2024,03jan2024 16:08:19,01apr2024,2404,XSIE,集运指数（欧线）2404,EC,L0
04jan2024,13554514,756412,2326.2,2353.8999,2549.8,2650,2110.3,2370.1001,2446.3999,158118,18738387540,37199,120.2,43.900002,.051672261,1,0,2024w1,29apr2024,04jan2024 16:07:56,01apr2024,2404,XSIE,集运指数（欧线）2404,EC,L0
05jan2024,13555271,756412,2370.1001,2446.3999,2379,2380,2187.8,2272.2,2275.5,96639,10979416985,34480,-94.599998,-97.900002,-.03991393,1,0,2024w1,29apr2024,05jan2024 16:07:32,01apr2024,2404,XSIE,集运指数（欧线）2404,EC,L0
08jan2024,13556028,756412,2272.2,2275.5,2335.3999,2430,2129,2216.8,2177.5,70250,7786817800,34288,-94.699997,-55.400002,-.041677669,1,0,2024w2,29apr2024,08jan2024 16:08:33,01apr2024,2404,XSIE,集运指数（欧线）2404,EC,L0
09jan2024,13556785,756412,2216.8,2177.5,1900,1900,1773.4,1825.2,1773.4,10398,948957675,30108,-443.39999,-391.60001,-.20001803,1,0,2024w2,29apr2024,09jan2024 16:08:09,01apr2024,2404,XSIE,集运指数（欧线）2404,EC,L0
10jan2024,13557542,756412,1825.2,1773.4,1512,1895,1506,1742.2,1773.7,92319,8042163220,30896,-51.5,-83,-.02821609,1,0,2024w2,29apr2024,10jan2024 16:07:45,01apr2024,2404,XSIE,集运指数（欧线）2404,EC,L0
11jan2024,13558299,756412,1742.2,1773.7,1848,1899,1754,1811.3,1809,45541,4124587460,31464,66.800003,69.099998,.038342331,1,0,2024w2,29apr2024,11jan2024 16:09:33,01apr2024,2404,XSIE,集运指数（欧线）2404,EC,L0
12jan2024,13559056,756412,1811.3,1809,2006.7,2173.5,1900.3,2051.8999,2157.1001,83549,8571922065,32906,345.79999,240.60001,.1909126,1,0,2024w2,29apr2024,12jan2024 16:09:09,01apr2024,2404,XSIE,集运指数（欧线）2404,EC,L0
15jan2024,13559813,756412,2051.8999,2157.1001,2300,2341.3,2056,2188.8999,2068.3,72556,7940943330,33058,16.4,137,.0079925898,1,0,2024w3,29apr2024,15jan2024 16:07:59,01apr2024,2404,XSIE,集运指数（欧线）2404,EC,L0
16jan2024,13560570,756412,2188.8999,2068.3,2269.8,2269.8,2020,2089.3999,2039.6,62459,6525402080,31667,-149.3,-99.5,-.068207778,1,0,2024w3,29apr2024,16jan2024 16:07:35,01apr2024,2404,XSIE,集运指数（欧线）2404,EC,L0
17jan2024,13561329,756412,2089.3999,2039.6,2015,2145,1900,2028.3,1926.8,65725,6665642790,31545,-162.60001,-61.099998,-.077821381,1,0,2024w3,29apr2024,17jan2024 16:07:12,01apr2024,2404,XSIE,集运指数（欧线）2404,EC,L0
18jan2024,13562088,756412,2028.3,1926.8,1950,1999,1888,1943.1,1965.2,48513,4713318565,30833,-63.099998,-85.199997,-.031109801,1,0,2024w3,29apr2024,18jan2024 16:08:59,01apr2024,2404,XSIE,集运指数（欧线）2404,EC,L0
19jan2024,13562847,756412,1943.1,1965.2,1985.6,1999,1850.7,1904.7,1867.6,47899,4561743745,30194,-75.5,-38.400002,-.038855441,1,0,2024w3,29apr2024,19jan2024 16:08:36,01apr2024,2404,XSIE,集运指数（欧线）2404,EC,L0
22jan2024,13563606,756412,1904.7,1867.6,1820,1988,1755,1840.1,1982.2,45451,4181821610,29096,77.5,-64.599998,.04068882,1,0,2024w4,29apr2024,22jan2024 16:07:25,01apr2024,2404,XSIE,集运指数（欧线）2404,EC,L0
23jan2024,13564365,756412,1840.1,1982.2,1991.1,2099,1892,1997.2,2025.1,52406,5233288360,29278,185,157.10001,.10053801,1,0,2024w4,29apr2024,23jan2024 16:09:12,01apr2024,2404,XSIE,集运指数（欧线）2404,EC,L0
24jan2024,13565124,756412,1997.2,2025.1,2000,2076.5,1957.7,2016.7,1978.7,44701,4507603180,29132,-18.5,19.5,-.0092629697,1,0,2024w4,29apr2024,24jan2024 16:08:49,01apr2024,2404,XSIE,集运指数（欧线）2404,EC,L0
25jan2024,13565883,756412,2016.7,1978.7,1978.8,2030,1948.8,1987.4,1980.5,24731,2457563365,28997,-36.200001,-29.299999,-.017950119,1,0,2024w4,29apr2024,25jan2024 16:08:25,01apr2024,2404,XSIE,集运指数（欧线）2404,EC,L0
26jan2024,13566642,756412,1987.4,1980.5,1998.8,2063.8,1950,2007.6,1973.6,34254,3438572745,29345,-13.8,20.200001,-.0069437502,1,0,2024w4,29apr2024,26jan2024 16:08:02,01apr2024,2404,XSIE,集运指数（欧线）2404,EC,L0
29jan2024,13567401,756412,2007.6,1973.6,1974,1998,1883,1923.9,1908,27087,2605718490,29193,-99.599998,-83.699997,-.049611479,1,0,2024w5,29apr2024,29jan2024 16:09:02,01apr2024,2404,XSIE,集运指数（欧线）2404,EC,L0
30jan2024,13568160,756412,1923.9,1908,1900,1987,1850,1922.6,1939.6,26236,2522092645,28948,15.7,-1.3,.0081605101,1,0,2024w5,29apr2024,30jan2024 16:06:28,01apr2024,2404,XSIE,集运指数（欧线）2404,EC,L0
31jan2024,13568919,756412,1922.6,1939.6,1950,1972,1859.6,1902.4,1924.9,20834,1981832930,27319,2.3,-20.200001,.0011963,1,0,2024w5,29apr2024,31jan2024 16:08:15,01apr2024,2404,XSIE,集运指数（欧线）2404,EC,L0
01feb2024,13569678,756412,1902.4,1924.9,1900,1925,1881,1903.1,1910.2,12439,1183638400,26420,7.8000002,.69999999,.0041000801,1,0,2024w5,29apr2024,01feb2024 16:16:36,01apr2024,2404,XSIE,集运指数（欧线）2404,EC,L0
02feb2024,13570437,756412,1903.1,1910.2,1808,1860,1651.6,1739.1,1701.5,45441,3951453190,23642,-201.60001,-164,-.10593243,1,0,2024w5,29apr2024,02feb2024 16:09:39,01apr2024,2404,XSIE,集运指数（欧线）2404,EC,L0
05feb2024,13571196,756412,1739.1,1701.5,1750,1830,1719.3,1768.6,1769.6,24621,2177312930,23273,30.5,29.5,.01753781,1,0,2024w6,29apr2024,05feb2024 16:10:40,01apr2024,2404,XSIE,集运指数（欧线）2404,EC,L0
06feb2024,13571955,756412,1768.6,1769.6,1780,1810.9,1755.2,1782.2,1808.7,15087,1344456520,22887,40.099998,13.6,.0226733,1,0,2024w6,29apr2024,06feb2024 16:08:05,01apr2024,2404,XSIE,集运指数（欧线）2404,EC,L0
07feb2024,13572714,756412,1782.2,1808.7,1846,2138.6001,1830.6,2005.1,2063,39908,4001169665,23114,280.79999,222.89999,.15755807,1,0,2024w6,29apr2024,07feb2024 16:09:52,01apr2024,2404,XSIE,集运指数（欧线）2404,EC,L0
08feb2024,13573473,756412,2005.1,2063,2064,2160,2040,2096.3999,2107.8,29260,3067042490,22539,102.7,91.300003,.051219389,1,0,2024w6,29apr2024,08feb2024 16:07:18,01apr2024,2404,XSIE,集运指数（欧线）2404,EC,L0
19feb2024,13574232,756412,2096.3999,2107.8,2150,2220,2120,2171.8,2189.8999,19028,2066263005,24360,93.5,75.400002,.044600271,1,0,2024w8,29apr2024,19feb2024 16:05:10,01apr2024,2404,XSIE,集运指数（欧线）2404,EC,L0
20feb2024,13574991,756412,2171.8,2189.8999,2149.8999,2170,2030,2085,2045.1,23913,2493043050,23984,-126.7,-86.800003,-.058338709,1,0,2024w8,29apr2024,20feb2024 16:06:57,01apr2024,2404,XSIE,集运指数（欧线）2404,EC,L0
21feb2024,13575750,756412,2085,2045.1,2030,2129.8999,1983,2047.6,2054.1001,22965,2351178045,23768,-30.9,-37.400002,-.01482014,1,0,2024w8,29apr2024,21feb2024 16:08:45,01apr2024,2404,XSIE,集运指数（欧线）2404,EC,L0
22feb2024,13576509,756412,2047.6,2054.1001,2049.8999,2077.6001,2000,2037.9,2054.7,13078,1332603275,23698,7.0999999,-9.6999998,.0034674699,1,0,2024w8,29apr2024,22feb2024 16:08:21,01apr2024,2404,XSIE,集运指数（欧线）2404,EC,L0
23feb2024,13577268,756412,2037.9,2054.7,2049.8999,2100,2024,2061.2,2045,12508,1289131460,23678,7.0999999,23.299999,.00348398,1,0,2024w8,29apr2024,23feb2024 16:10:09,01apr2024,2404,XSIE,集运指数（欧线）2404,EC,L0
26feb2024,13578029,756412,2061.2,2045,2002,2020,1940,1974.3,1965.5,18012,1778119140,22439,-95.699997,-86.900002,-.046429262,1,0,2024w9,29apr2024,26feb2024 16:08:58,01apr2024,2404,XSIE,集运指数（欧线）2404,EC,L0
27feb2024,13578790,756412,1974.3,1965.5,1949.9,1949.9,1862,1901.8,1878,20603,1959150810,22532,-96.300003,-72.5,-.048776779,1,0,2024w9,29apr2024,27feb2024 16:08:35,01apr2024,2404,XSIE,集运指数（欧线）2404,EC,L0
28feb2024,13579552,756412,1901.8,1878,1886,1945,1886,1916.6,1931.7,14012,1342820325,21725,29.9,14.8,.015721951,1,0,2024w9,29apr2024,28feb2024 16:08:11,01apr2024,2404,XSIE,集运指数（欧线）2404,EC,L0
29feb2024,13580314,756412,1916.6,1931.7,1931.3,1938,1890,1912,1904,12112,1157947140,20964,-12.6,-4.5999999,-.0065741399,1,0,2024w9,29apr2024,29feb2024 16:07:47,01apr2024,2404,XSIE,集运指数（欧线）2404,EC,L0
01mar2024,13581076,756412,1912,1904,1800,1855.4,1758,1813.2,1780,17734,1607793920,19494,-132,-98.800003,-.069037661,1,0,2024w9,29apr2024,01mar2024 16:09:35,01apr2024,2404,XSIE,集运指数（欧线）2404,EC,L0
04mar2024,13581838,756412,1813.2,1780,1802,1857,1731.8,1789.3,1831,18882,1689336095,19601,17.799999,-23.9,.0098168999,1,0,2024w10,29apr2024,04mar2024 16:08:24,01apr2024,2404,XSIE,集运指数（欧线）2404,EC,L0
05mar2024,13582600,756412,1789.3,1831,1850,1891.2,1795,1835,1802.5,15594,1430805965,19452,13.2,45.700001,.00737719,1,0,2024w10,29apr2024,05mar2024 16:08:01,01apr2024,2404,XSIE,集运指数（欧线）2404,EC,L0
06mar2024,13583362,756412,1835,1802.5,1731,1818.5,1731,1777,1781.6,13140,1167524370,19038,-53.400002,-58,-.02910082,1,0,2024w10,29apr2024,06mar2024 16:09:48,01apr2024,2404,XSIE,集运指数（欧线）2404,EC,L0
07mar2024,13584124,756412,1777,1781.6,1802,1866.1,1781.4,1825.9,1794.3,15582,1422590970,19549,17.299999,48.900002,.0097355098,1,0,2024w10,29apr2024,07mar2024 16:09:25,01apr2024,2404,XSIE,集运指数（欧线）2404,EC,L0
08mar2024,13584886,756412,1825.9,1794.3,1808,1840.6,1802,1822.2,1824,8168,744220625,18932,-1.9,-3.7,-.00104058,1,0,2024w10,29apr2024,08mar2024 16:09:01,01apr2024,2404,XSIE,集运指数（欧线）2404,EC,L0
11mar2024,13585648,756412,1822.2,1824,1829.5,1899,1806.2,1860.4,1815,15704,1460805090,19135,-7.1999998,38.200001,-.0039512701,1,0,2024w11,29apr2024,11mar2024 16:10:02,01apr2024,2404,XSIE,集运指数（欧线）2404,EC,L0
12mar2024,13586410,756412,1860.4,1815,1755,1813,1755,1789.6,1803.5,10526,941912480,18766,-56.900002,-70.800003,-.03058482,1,0,2024w11,29apr2024,12mar2024 16:09:38,01apr2024,2404,XSIE,集运指数（欧线）2404,EC,L0
13mar2024,13587172,756412,1789.6,1803.5,1790,1830,1760,1802,1794.9,8838,796314805,18450,5.3000002,12.4,.0029615599,1,0,2024w11,29apr2024,13mar2024 16:11:26,01apr2024,2404,XSIE,集运指数（欧线）2404,EC,L0
14mar2024,13587934,756412,1802,1794.9,1830,1855,1760.2,1815.7,1776,12067,1095556725,18068,-26,13.7,-.01442841,1,0,2024w11,29apr2024,14mar2024 16:11:02,01apr2024,2404,XSIE,集运指数（欧线）2404,EC,L0
15mar2024,13588696,756412,1815.7,1776,1799,1820,1696,1752.7,1797.2,21018,1841940155,16601,-18.5,-63,-.01018891,1,0,2024w11,29apr2024,15mar2024 16:10:38,01apr2024,2404,XSIE,集运指数（欧线）2404,EC,L0
18mar2024,13589460,756412,1752.7,1797.2,1791.8,1859.3,1778.2,1818.5,1826.1,11848,1077284275,16591,73.400002,65.800003,.041878238,1,0,2024w12,29apr2024,18mar2024 16:11:39,01apr2024,2404,XSIE,集运指数（欧线）2404,EC,L0
19mar2024,13590224,756412,1818.5,1826.1,1908,1939.4,1861,1897.2,1918,17058,1618154995,16597,99.5,78.699997,.054715421,1,0,2024w12,29apr2024,19mar2024 16:11:15,01apr2024,2404,XSIE,集运指数（欧线）2404,EC,L0
20mar2024,13590988,756412,1897.2,1918,1925,1950,1880,1907.8,1910.9,10149,968134040,16321,13.7,10.6,.0072211698,1,0,2024w12,29apr2024,20mar2024 16:08:41,01apr2024,2404,XSIE,集运指数（欧线）2404,EC,L0
21mar2024,13591752,756412,1907.8,1910.9,1935,2141.5,1913,2022.6,2096.3,26613,2691409050,16523,188.5,114.8,.098804913,1,0,2024w12,29apr2024,21mar2024 16:10:28,01apr2024,2404,XSIE,集运指数（欧线）2404,EC,L0
22mar2024,13592516,756412,2022.6,2096.3,2084.8999,2122.6001,1991.5,2043.7,2010.1,19341,1976366195,13983,-12.5,21.1,-.0061801602,1,0,2024w12,29apr2024,22mar2024 16:10:05,01apr2024,2404,XSIE,集运指数（欧线）2404,EC,L0
25mar2024,13593281,756413,1816.2,1789.4,1830.3,1952,1816,1905.7,1922.9,32448,3091912850,17781,106.7,89.5,.058749039,1,0,2024w13,24jun2024,25mar2024 16:11:05,01jun2024,2406,XSIE,集运指数（欧线）2406,EC,L1
26mar2024,13594045,756413,1905.7,1922.9,1872.9,1896,1750,1809.5,1786.9,31492,2849265660,17153,-118.8,-96.199997,-.062339298,1,0,2024w13,24jun2024,26mar2024 16:10:42,01jun2024,2406,XSIE,集运指数（欧线）2406,EC,L1
27mar2024,13594809,756413,1809.5,1786.9,1810,1860,1730,1799.3,1846.8,31349,2820355065,18550,37.299999,-10.2,.02061343,1,0,2024w13,24jun2024,27mar2024 16:10:18,01jun2024,2406,XSIE,集运指数（欧线）2406,EC,L1
28mar2024,13595573,756413,1799.3,1846.8,1846.8,1878.5,1781,1824.8,1815,22980,2096782870,18840,15.7,25.5,.0087256199,1,0,2024w13,24jun2024,28mar2024 16:09:54,01jun2024,2406,XSIE,集运指数（欧线）2406,EC,L1
29mar2024,13596337,756413,1824.8,1815,1805,1859,1765.5,1826.5,1833.6,19142,1748167515,18596,8.8000002,1.7,.0048224502,1,0,2024w13,24jun2024,29mar2024 16:09:31,01jun2024,2406,XSIE,集运指数（欧线）2406,EC,L1
01apr2024,13597101,756413,1826.5,1833.6,1848.8,1913,1826,1876.1,1875.3,21654,2031308120,19539,48.799999,49.599998,.026717771,1,0,2024w14,24jun2024,01apr2024 16:10:31,01jun2024,2406,XSIE,集运指数（欧线）2406,EC,L1
02apr2024,13597865,756413,1876.1,1875.3,1901,2049.8999,1901,1976,2042.5,36919,3647754205,24683,166.39999,99.900002,.088694632,1,0,2024w14,24jun2024,02apr2024 16:12:19,01jun2024,2406,XSIE,集运指数（欧线）2406,EC,L1
03apr2024,13598629,756413,1976,2042.5,2050,2098.7,2002,2052,2047.1,36570,3752208065,23022,71.099998,76,.035981782,1,0,2024w14,24jun2024,03apr2024 16:09:44,01jun2024,2406,XSIE,集运指数（欧线）2406,EC,L1
08apr2024,13599393,756413,2052,2047.1,1906.3,2014.2,1868,1941.9,1952.6,30472,2958743295,20611,-99.400002,-110.1,-.04844055,1,0,2024w15,24jun2024,08apr2024 16:07:46,01jun2024,2406,XSIE,集运指数（欧线）2406,EC,L1
09apr2024,13600157,756413,1941.9,1952.6,1961.2,2009.9,1955,1982.3,1970.9,17688,1753228985,20105,29,40.400002,.01493383,1,0,2024w15,24jun2024,09apr2024 16:09:34,01jun2024,2406,XSIE,集运指数（欧线）2406,EC,L1
10apr2024,13600921,756413,1982.3,1970.9,2050,2108,2030.2,2067.8,2081,24774,2561461830,23215,98.699997,85.5,.049790651,1,0,2024w15,24jun2024,10apr2024 16:11:21,01jun2024,2406,XSIE,集运指数（欧线）2406,EC,L1
11apr2024,13601685,756413,2067.8,2081,2100,2125,2038.2,2084.3999,2054.8,21735,2265231565,22238,-13,16.6,-.0062868702,1,0,2024w15,24jun2024,11apr2024 16:10:58,01jun2024,2406,XSIE,集运指数（欧线）2406,EC,L1
12apr2024,13602449,756413,2084.3999,2054.8,2125,2192.8,2062,2130.3999,2192,24520,2611921690,24358,107.6,46,.051621571,1,0,2024w15,24jun2024,12apr2024 16:10:34,01jun2024,2406,XSIE,集运指数（欧线）2406,EC,L1
15apr2024,13603213,756413,2130.3999,2192,2230,2288,2155,2218.8,2287,28425,3153497115,28304,156.60001,88.400002,.073507316,1,0,2024w16,24jun2024,15apr2024 16:29:03,01jun2024,2406,XSIE,集运指数（欧线）2406,EC,L1
16apr2024,13603977,756413,2218.8,2287,2294.1001,2345.2,2233,2285,2276.2,36659,4188334495,27860,57.400002,66.199997,.025869841,1,0,2024w16,24jun2024,16apr2024 16:15:33,01jun2024,2406,XSIE,集运指数（欧线）2406,EC,L1
17apr2024,13604741,756413,2285,2276.2,2285,2345,2215,2274.5,2337.1001,28760,3270740000,28914,52.099998,-10.5,.02280088,1,0,2024w16,24jun2024,17apr2024 16:19:32,01jun2024,2406,XSIE,集运指数（欧线）2406,EC,L1
18apr2024,13605507,756413,2274.5,2337.1001,2319.8999,2436,2297.7,2371.5,2433,36516,4330050970,30926,158.5,97,.069685653,1,0,2024w16,24jun2024,18apr2024 16:12:35,01jun2024,2406,XSIE,集运指数（欧线）2406,EC,L1
19apr2024,13606273,756413,2371.5,2433,2440,2740,2420.1001,2606.3,2629.2,79052,10301898250,28037,257.70001,234.8,.1086654,1,0,2024w16,24jun2024,19apr2024 16:12:12,01jun2024,2406,XSIE,集运指数（欧线）2406,EC,L1
22apr2024,13607039,756413,2606.3,2629.2,2629.8999,2704,2512,2590,2573.1001,30774,3985341740,27622,-33.200001,-16.299999,-.01273836,1,0,2024w17,24jun2024,22apr2024 16:11:01,01jun2024,2406,XSIE,集运指数（欧线）2406,EC,L1
23apr2024,13607805,756413,2590,2573.1001,2639.3999,2649.2,2500,2570.2,2557,28622,3678287065,28521,-33,-19.799999,-.01274131,1,0,2024w17,24jun2024,23apr2024 16:10:37,01jun2024,2406,XSIE,集运指数（欧线）2406,EC,L1
24apr2024,13608571,756413,2570.2,2557,2565.1001,2692,2532,2617.3999,2681.6001,32772,4288878815,29362,111.4,47.200001,.043342929,1,0,2024w17,24jun2024,24apr2024 16:12:25,01jun2024,2406,XSIE,集运指数（欧线）2406,EC,L1
25apr2024,13609337,756413,2617.3999,2681.6001,2750,2871.7,2681.1001,2748.5,2815,33687,4629480525,28718,197.60001,131.10001,.075494774,1,0,2024w17,24jun2024,25apr2024 16:09:50,01jun2024,2406,XSIE,集运指数（欧线）2406,EC,L1
26apr2024,13610103,756413,2748.5,2815,2838,2999,2766,2878.7,2981.3999,46690,6720486920,30134,232.89999,130.2,.08473713,1,0,2024w17,24jun2024,26apr2024 16:11:38,01jun2024,2406,XSIE,集运指数（欧线）2406,EC,L1
29apr2024,13610869,756413,2878.7,2981.3999,2981.3999,2998.5,2622,2838.3,2784.3,57559,8168559295,29936,-94.400002,-40.400002,-.032792579,1,0,2024w18,24jun2024,29apr2024 16:14:49,01jun2024,2406,XSIE,集运指数（欧线）2406,EC,L1
30apr2024,13611634,756413,2838.3,2784.3,2870.1001,2989,2811.2,2899.7,2982.6001,46410,6728864220,33173,144.3,61.400002,.050840288,1,0,2024w18,24jun2024,30apr2024 16:10:04,01jun2024,2406,XSIE,集运指数（欧线）2406,EC,L0
06may2024,13612400,756413,2899.7,2982.6001,2985.1001,3104,2914,3004.1001,3100.8999,33128,4976010225,36301,201.2,104.4,.06938649,1,0,2024w19,24jun2024,06may2024 16:07:42,01jun2024,2406,XSIE,集运指数（欧线）2406,EC,L0
07may2024,13613166,756413,3004.1001,3100.8999,3103.2,3149,3012,3086.2,3098.8999,35584,5491098670,38326,94.800003,82.099998,.031556871,1,0,2024w19,24jun2024,07may2024 16:09:30,01jun2024,2406,XSIE,集运指数（欧线）2406,EC,L0
08may2024,13613932,756413,3086.2,3098.8999,3120,3196.5,3055.8,3113.6001,3195,25494,3968913075,40114,108.8,27.4,.035253711,1,0,2024w19,24jun2024,08may2024 16:11:17,01jun2024,2406,XSIE,集运指数（欧线）2406,EC,L0
09may2024,13614698,756413,3113.6001,3195,3165.6001,3509.8999,3165.6001,3341.3,3486.2,54937,9178297205,42576,372.60001,227.7,.11966855,1,0,2024w19,24jun2024,09may2024 16:10:54,01jun2024,2406,XSIE,集运指数（欧线）2406,EC,L0
10may2024,13615464,756413,3341.3,3486.2,3500,3620,3389,3496.8999,3576,57549,10062292530,36302,234.7,155.60001,.070242122,1,0,2024w19,24jun2024,10may2024 16:10:30,01jun2024,2406,XSIE,集运指数（欧线）2406,EC,L0
13may2024,13616231,756414,3390.2,3499.8,3586,3932.6001,3570,3816.6001,3932.6001,50392,9616516515,40416,542.40002,426.39999,.15999056,1,0,2024w20,26aug2024,13may2024 16:11:31,01aug2024,2408,XSIE,集运指数（欧线）2408,EC,L1
14may2024,13616997,756414,3816.6001,3932.6001,3994.8999,4159.5,3678,3916.6001,3795.7,88162,17265098695,40093,-20.9,100,-.0054760799,1,0,2024w20,26aug2024,14may2024 16:11:07,01aug2024,2408,XSIE,集运指数（欧线）2408,EC,L1
15may2024,13617763,756414,3916.6001,3795.7,3860,4038,3668,3847.6001,4033.5,80686,15522669095,46232,116.9,-69,.02984732,1,0,2024w20,26aug2024,15may2024 16:10:44,01aug2024,2408,XSIE,集运指数（欧线）2408,EC,L1
16may2024,13618529,756414,3847.6001,4033.5,4260.1001,4321.8999,3900,4149.3999,3931,98549,20446187425,47915,83.400002,301.79999,.021675849,1,0,2024w20,26aug2024,16may2024 16:12:31,01aug2024,2408,XSIE,集运指数（欧线）2408,EC,L1
17may2024,13619295,756414,4149.3999,3931,4100,4110,3834,3961.2,4003.5,75370,14928086995,47309,-145.89999,-188.2,-.035161711,1,0,2024w20,26aug2024,17may2024 16:09:56,01aug2024,2408,XSIE,集运指数（欧线）2408,EC,L1
20may2024,13620060,756414,3961.2,4003.5,4070,4194.8999,3870,4029.6001,4191.5,58733,11833617750,47941,230.3,68.400002,.058138952,1,0,2024w21,26aug2024,20may2024 16:10:57,01aug2024,2408,XSIE,集运指数（欧线）2408,EC,L1
21may2024,13620829,756414,4029.6001,4191.5,4200,4362,4071.8999,4221.2002,4288.8999,71906,15176700190,49195,259.29999,191.60001,.064348817,1,0,2024w21,26aug2024,21may2024 16:12:44,01aug2024,2408,XSIE,集运指数（欧线）2408,EC,L1
22may2024,13621598,756414,4221.2002,4288.8999,4300,4317.1001,4081.3,4170.6001,4145,51002,10635654675,47634,-76.199997,-50.599998,-.01805174,1,0,2024w21,26aug2024,22may2024 16:12:21,01aug2024,2408,XSIE,集运指数（欧线）2408,EC,L1
23may2024,13622367,756414,4170.6001,4145,4120,4183,3956,4063.1001,4128,54251,11021375455,47481,-42.599998,-107.5,-.01021436,1,0,2024w21,26aug2024,23may2024 16:11:57,01aug2024,2408,XSIE,集运指数（欧线）2408,EC,L1
24may2024,13623136,756414,4063.1001,4128,4183,4244.5,4101,4178.6001,4229.2998,32201,6727825585,47667,166.2,115.5,.040904731,1,0,2024w21,26aug2024,24may2024 16:11:34,01aug2024,2408,XSIE,集运指数（欧线）2408,EC,L1
27may2024,13623905,756414,4178.6001,4229.2998,4280,4329,4205,4274.5,4313.1001,34513,7376437705,49745,134.5,95.900002,.032187808,1,0,2024w22,26aug2024,27may2024 16:10:23,01aug2024,2408,XSIE,集运指数（欧线）2408,EC,L1
28may2024,13624674,756414,4274.5,4313.1001,4330,4444,4165,4284.5,4193.3999,42954,9201830790,49521,-81.099998,10,-.01897298,1,0,2024w22,26aug2024,28may2024 16:12:11,01aug2024,2408,XSIE,集运指数（欧线）2408,EC,L1
29may2024,13625443,756414,4284.5,4193.3999,4190,4297,4110,4209.2998,4260,34907,7346735955,48771,-24.5,-75.199997,-.0057182899,1,0,2024w22,26aug2024,29may2024 16:11:47,01aug2024,2408,XSIE,集运指数（欧线）2408,EC,L1
30may2024,13626212,756414,4209.2998,4260,4240,4314,4095,4173.2998,4138,32724,6828390260,47989,-71.300003,-36,-.016938681,1,0,2024w22,26aug2024,30may2024 16:11:24,01aug2024,2408,XSIE,集运指数（欧线）2408,EC,L1
31may2024,13626981,756414,4173.2998,4138,4138,4301,4075.8,4190.3999,4297.5,39686,8315141045,48676,124.2,17.1,.02976062,1,0,2024w22,26aug2024,31may2024 16:11:00,01aug2024,2408,XSIE,集运指数（欧线）2408,EC,L1
03jun2024,13627750,756414,4190.3999,4297.5,4280,4391.2002,4100,4210.3999,4188.6001,46603,9810921830,49179,-1.8,20,-.00042955001,1,0,2024w23,26aug2024,03jun2024 16:12:00,01aug2024,2408,XSIE,集运指数（欧线）2408,EC,L1
04jun2024,13628520,756414,4210.3999,4188.6001,4248,4635,4177,4410.2998,4614.8999,70685,15587201550,51147,404.5,199.89999,.096071631,1,0,2024w23,26aug2024,04jun2024 16:11:37,01aug2024,2408,XSIE,集运指数（欧线）2408,EC,L1
05jun2024,13629290,756414,4410.2998,4614.8999,4600,4600,4380,4496.1001,4480,60077,13505701005,47985,69.699997,85.800003,.015803911,1,0,2024w23,26aug2024,05jun2024 16:11:13,01aug2024,2408,XSIE,集运指数（欧线）2408,EC,L1
06jun2024,13630060,756414,4496.1001,4480,4496,4628,4489,4560.7002,4592,31683,7224863605,46850,95.900002,64.599998,.0213296,1,0,2024w23,26aug2024,06jun2024 16:23:56,01aug2024,2408,XSIE,集运指数（欧线）2408,EC,L1
07jun2024,13630830,756414,4560.7002,4592,4546,4739,4546,4660.2002,4728.2002,34884,8128480685,45217,167.5,99.5,.036726821,1,0,2024w23,26aug2024,07jun2024 16:10:26,01aug2024,2408,XSIE,集运指数（欧线）2408,EC,L1
11jun2024,13631600,756414,4660.2002,4728.2002,4720,4798.8999,4200,4438,4419.5,76911,17066819425,44816,-240.7,-222.2,-.05165014,1,0,2024w24,26aug2024,11jun2024 16:08:52,01aug2024,2408,XSIE,集运指数（欧线）2408,EC,L1
12jun2024,13632370,756414,4438,4419.5,4434.1001,4579,4333,4450.2998,4570.2998,42754,9513408950,46762,132.3,12.3,.02981073,1,0,2024w24,26aug2024,12jun2024 16:12:51,01aug2024,2408,XSIE,集运指数（欧线）2408,EC,L1
13jun2024,13633140,756414,4450.2998,4570.2998,4671,4680,4462,4566.7002,4650.8999,41526,9481888085,48618,200.60001,116.4,.04507561,1,0,2024w24,26aug2024,13jun2024 16:12:27,01aug2024,2408,XSIE,集运指数（欧线）2408,EC,L1
14jun2024,13633910,756414,4566.7002,4650.8999,4690,4750,4631,4694.6001,4744.7998,27438,6440626610,49122,178.10001,127.9,.038999721,1,0,2024w24,26aug2024,14jun2024 16:14:15,01aug2024,2408,XSIE,集运指数（欧线）2408,EC,L1
17jun2024,13634680,756414,4694.6001,4744.7998,4750.1001,4845,4620,4754.2998,4834,35103,8344605310,50498,139.39999,59.700001,.029693689,1,0,2024w25,26aug2024,17jun2024 16:13:04,01aug2024,2408,XSIE,集运指数（欧线）2408,EC,L1
18jun2024,13635449,756414,4754.2998,4834,4930.1001,5028,4868,4948.2998,5028,31717,7847383210,51701,273.70001,194,.057568941,1,0,2024w25,26aug2024,18jun2024 16:12:40,01aug2024,2408,XSIE,集运指数（欧线）2408,EC,L1
19jun2024,13636218,756414,4948.2998,5028,5022.8999,5059,4887.8999,4986.7002,4917.3999,31291,7802066715,51633,-30.9,38.400002,-.00624457,1,0,2024w25,26aug2024,19jun2024 16:12:17,01aug2024,2408,XSIE,集运指数（欧线）2408,EC,L1
20jun2024,13636987,756414,4986.7002,4917.3999,4950,5300.2998,4940,5148.1001,5297.8999,44192,11375404915,50663,311.20001,161.39999,.062406,1,0,2024w25,26aug2024,20jun2024 16:11:53,01aug2024,2408,XSIE,集运指数（欧线）2408,EC,L1
21jun2024,13637756,756414,5148.1001,5297.8999,5276,5298,5111,5222.5,5289.7998,34251,8943864340,46729,141.7,74.400002,.027524721,1,0,2024w25,26aug2024,21jun2024 16:11:30,01aug2024,2408,XSIE,集运指数（欧线）2408,EC,L1
24jun2024,13638525,756414,5222.5,5289.7998,5288,5422.5,5235,5358.2998,5399,26238,7029643915,45399,176.5,135.8,.033796068,1,0,2024w26,26aug2024,24jun2024 16:12:30,01aug2024,2408,XSIE,集运指数（欧线）2408,EC,L1
25jun2024,13639293,756414,5358.2998,5399,5300,5338.2002,5225,5281.1001,5294.8999,24263,6406881935,44331,-63.400002,-77.199997,-.01183211,1,0,2024w26,26aug2024,25jun2024 16:12:07,01aug2024,2408,XSIE,集运指数（欧线）2408,EC,L0
26jun2024,13640062,756414,5281.1001,5294.8999,5230,5275,5058.6001,5150.2002,5149.2002,32898,8471602675,42275,-131.89999,-130.89999,-.02497586,1,0,2024w26,26aug2024,26jun2024 16:11:43,01aug2024,2408,XSIE,集运指数（欧线）2408,EC,L0
27jun2024,13640831,756414,5150.2002,5149.2002,5100,5215,5033,5128.8999,5197.8999,25005,6412428975,41604,47.700001,-21.299999,.0092617804,1,0,2024w26,26aug2024,27jun2024 16:11:19,01aug2024,2408,XSIE,集运指数（欧线）2408,EC,L0
28jun2024,13641600,756414,5128.8999,5197.8999,5215,5293,5160,5233.3999,5226,22964,6009055100,40113,97.099998,104.5,.018931931,1,0,2024w26,26aug2024,28jun2024 16:10:56,01aug2024,2408,XSIE,集运指数（欧线）2408,EC,L0
01jul2024,13642369,756414,5233.3999,5226,5320,5385,5217.2998,5311.6001,5322,19253,5113265780,39994,88.599998,78.199997,.01692972,1,0,2024w27,26aug2024,01jul2024 16:11:56,01aug2024,2408,XSIE,集运指数（欧线）2408,EC,L0
02jul2024,13643138,756414,5311.6001,5322,5458.7998,5579.1001,5388,5491,5575,24968,6855007890,39754,263.39999,179.39999,.049589582,1,0,2024w27,26aug2024,02jul2024 16:09:22,01aug2024,2408,XSIE,集运指数（欧线）2408,EC,L0
03jul2024,13643907,756414,5491,5575,5555,5650,5528,5594.1001,5632.2002,19548,5467694890,37614,141.2,103.1,.025714809,1,0,2024w27,26aug2024,03jul2024 16:11:09,01aug2024,2408,XSIE,集运指数（欧线）2408,EC,L0
04jul2024,13644676,756414,5594.1001,5632.2002,5588,5811,5541,5666.2998,5788.7998,19784,5605137895,36324,194.7,72.199997,.03480453,1,0,2024w27,26aug2024,04jul2024 16:10:46,01aug2024,2408,XSIE,集运指数（欧线）2408,EC,L0
05jul2024,13645445,756414,5666.2998,5788.7998,5675.1001,5772.2998,5500,5660,5700.8999,31258,8846149465,34856,34.599998,-6.3000002,.0061062798,1,0,2024w27,26aug2024,05jul2024 16:10:22,01aug2024,2408,XSIE,集运指数（欧线）2408,EC,L0
08jul2024,13646214,756414,5660,5700.8999,5597.8999,5598,5375,5471.5,5430,42963,11753703675,36996,-230,-188.5,-.04063604,1,0,2024w28,26aug2024,08jul2024 16:11:23,01aug2024,2408,XSIE,集运指数（欧线）2408,EC,L0
09jul2024,13646983,756414,5471.5,5430,5475,5618,5470,5553.6001,5604.7998,21241,5898210810,34891,133.3,82.099998,.024362611,1,0,2024w28,26aug2024,09jul2024 16:10:59,01aug2024,2408,XSIE,集运指数（欧线）2408,EC,L0
10jul2024,13647752,756414,5553.6001,5604.7998,5700,5799,5671.6001,5742.6001,5745.2998,17437,5006690060,33777,191.7,189,.034518149,1,0,2024w28,26aug2024,10jul2024 16:10:35,01aug2024,2408,XSIE,集运指数（欧线）2408,EC,L0
11jul2024,13648521,756414,5742.6001,5745.2998,5728,5743.7998,5322,5523.5,5488,36242,10009257040,34405,-254.60001,-219.10001,-.044335321,1,0,2024w28,26aug2024,11jul2024 16:10:12,01aug2024,2408,XSIE,集运指数（欧线）2408,EC,L0
12jul2024,13649290,756414,5523.5,5488,5515,5550,5350,5458.6001,5499.8999,28692,7831041740,33616,-23.6,-64.900002,-.00427265,1,0,2024w28,26aug2024,12jul2024 16:11:59,01aug2024,2408,XSIE,集运指数（欧线）2408,EC,L0
15jul2024,13650058,756414,5458.6001,5499.8999,5587,5664.2998,5460,5537.1001,5600,15733,4355823715,31188,141.39999,78.5,.02590408,1,0,2024w29,26aug2024,15jul2024 16:10:49,01aug2024,2408,XSIE,集运指数（欧线）2408,EC,L0
16jul2024,13650826,756414,5537.1001,5600,5800,5800,5641.5,5726.6001,5793,15818,4529200995,29496,255.89999,189.5,.04621553,1,0,2024w29,26aug2024,16jul2024 16:10:25,01aug2024,2408,XSIE,集运指数（欧线）2408,EC,L0
17jul2024,13651595,756415,4230.2998,4388.7998,4388.7998,4499,4210,4327.2002,4245.5,47253,10223688565,31124,15.2,96.900002,.00359313,1,0,2024w29,28oct2024,17jul2024 16:12:13,01oct2024,2410,XSIE,集运指数（欧线）2410,EC,L1
18jul2024,13652363,756415,4327.2002,4245.5,4200,4220,3853.1001,4009,3894.5,52511,10526088710,31827,-432.70001,-318.20001,-.099995382,1,0,2024w29,28oct2024,18jul2024 16:11:49,01oct2024,2410,XSIE,集运指数（欧线）2410,EC,L1
19jul2024,13653131,756415,4009,3894.5,3800,3845,3610,3718,3675,51714,9613720630,29638,-334,-291,-.083312549,1,0,2024w29,28oct2024,19jul2024 16:11:26,01oct2024,2410,XSIE,集运指数（欧线）2410,EC,L1
22jul2024,13653899,756415,3718,3675,3699,3796,3350.7,3489,3381.8999,55377,9660771855,32475,-336.10001,-229,-.090398058,1,0,2024w30,28oct2024,22jul2024 16:10:15,01oct2024,2410,XSIE,集运指数（欧线）2410,EC,L1
23jul2024,13654667,756415,3489,3381.8999,3514,3656,3233,3429.3999,3374.8999,71340,12232903575,33731,-114.1,-59.599998,-.032702781,1,0,2024w30,28oct2024,23jul2024 16:12:02,01oct2024,2410,XSIE,集运指数（欧线）2410,EC,L1
24jul2024,13655435,756415,3429.3999,3374.8999,3400,3630,3305,3460.3,3618.3999,61385,10620735845,35975,189,30.9,.05511168,1,0,2024w30,28oct2024,24jul2024 16:11:39,01oct2024,2410,XSIE,集运指数（欧线）2410,EC,L1
25jul2024,13656203,756415,3460.3,3618.3999,3618.3999,3820,3465,3655.6001,3722.3,71758,13116265360,34806,262,195.3,.075715981,1,0,2024w30,28oct2024,25jul2024 16:13:26,01oct2024,2410,XSIE,集运指数（欧线）2410,EC,L1
26jul2024,13656971,756415,3655.6001,3722.3,3732.1001,3800,3501,3632.3,3655.1001,71239,12938190460,31398,-.5,-23.299999,-.00013678,1,0,2024w30,28oct2024,26jul2024 16:10:52,01oct2024,2410,XSIE,集运指数（欧线）2410,EC,L1
29jul2024,13657739,756415,3632.3,3655.1001,3760,4074,3670,3875.7,3926,79767,15457988605,31094,293.70001,243.39999,.080857858,1,0,2024w31,28oct2024,29jul2024 16:11:52,01oct2024,2410,XSIE,集运指数（欧线）2410,EC,L1
30jul2024,13658507,756415,3875.7,3926,3871,3900,3588,3750.7,3663,58006,10878376545,29642,-212.7,-125,-.05488041,1,0,2024w31,28oct2024,30jul2024 16:11:29,01oct2024,2410,XSIE,集运指数（欧线）2410,EC,L1
31jul2024,13659275,756415,3750.7,3663,3610,3810,3470,3579,3505.3,64210,11490662350,28541,-245.39999,-171.7,-.065427788,1,0,2024w31,28oct2024,31jul2024 16:13:16,01oct2024,2410,XSIE,集运指数（欧线）2410,EC,L1
01aug2024,13660043,756415,3579,3505.3,3505.3,3575,3394,3477.7,3515,42401,7373097530,28535,-64,-101.3,-.01788209,1,0,2024w31,28oct2024,01aug2024 16:12:53,01oct2024,2410,XSIE,集运指数（欧线）2410,EC,L1
02aug2024,13660811,756415,3477.7,3515,3489,3677.8999,3460,3565.3999,3653,33467,5966265955,26436,175.3,87.699997,.050406881,1,0,2024w31,28oct2024,02aug2024 16:12:29,01oct2024,2410,XSIE,集运指数（欧线）2410,EC,L1
05aug2024,13661579,756415,3565.3999,3653,3601,3709,3506.7,3601.6001,3584.7,35748,6437592175,26582,19.299999,36.200001,.0054131402,1,0,2024w32,28oct2024,05aug2024 16:13:29,01oct2024,2410,XSIE,集运指数（欧线）2410,EC,L1
06aug2024,13662348,756416,3363.5,3318,3385,3422.3,3203.3,3318.5,3288,23652,3924464480,27671,-75.5,-45,-.02244686,1,0,2024w32,30dec2024,06aug2024 16:13:06,01dec2024,2412,XSIE,集运指数（欧线）2412,EC,L2
07aug2024,13663116,756416,3318.5,3288,3322.3,3328,3188,3242.2,3206.7,26506,4297011535,29771,-111.8,-76.300003,-.03368992,1,0,2024w32,30dec2024,07aug2024 16:12:42,01dec2024,2412,XSIE,集运指数（欧线）2412,EC,L2
08aug2024,13663884,756416,3242.2,3206.7,3022.5,3099.8,2733,2887.7,2754.8999,49165,7098932860,31154,-487.29999,-354.5,-.15029918,1,0,2024w32,30dec2024,08aug2024 16:12:19,01dec2024,2412,XSIE,集运指数（欧线）2412,EC,L2
09aug2024,13664652,756416,2887.7,2754.8999,2739,2859,2624.8,2739.3999,2749.5,58712,8041992390,31190,-138.2,-148.3,-.04785816,1,0,2024w32,30dec2024,09aug2024 16:11:55,01dec2024,2412,XSIE,集运指数（欧线）2412,EC,L2
12aug2024,13665420,756416,2739.3999,2749.5,2789,2849.8,2740.3,2799.3999,2832,34846,4877532905,30806,92.599998,60,.03380302,1,0,2024w33,30dec2024,12aug2024 16:12:56,01dec2024,2412,XSIE,集运指数（欧线）2412,EC,L2
13aug2024,13666188,756416,2799.3999,2832,2888,3029.2,2767,2898.1001,2818.1001,53222,7712215595,32030,18.700001,98.699997,.0066800001,1,0,2024w33,30dec2024,13aug2024 16:12:32,01dec2024,2412,XSIE,集运指数（欧线）2412,EC,L2
14aug2024,13666956,756416,2898.1001,2818.1001,2700,2785,2630,2710.8,2727.2,41859,5673751120,32387,-170.89999,-187.3,-.058969669,1,0,2024w33,30dec2024,14aug2024 16:12:09,01dec2024,2412,XSIE,集运指数（欧线）2412,EC,L2
15aug2024,13667723,756416,2710.8,2727.2,2650,2715,2568,2647.8999,2663.7,40622,5378254070,33185,-47.099998,-62.900002,-.01737494,1,0,2024w33,30dec2024,15aug2024 16:13:56,01dec2024,2412,XSIE,集运指数（欧线）2412,EC,L2
16aug2024,13668490,756416,2647.8999,2663.7,2677,2800,2662,2731.6001,2677,36959,5047861850,32547,29.1,83.699997,.01098984,1,0,2024w33,30dec2024,16aug2024 16:13:33,01dec2024,2412,XSIE,集运指数（欧线）2412,EC,L2
19aug2024,13669257,756416,2731.6001,2677,2688,2750,2435,2583.3999,2526,61083,7890210230,34506,-205.60001,-148.2,-.07526724,1,0,2024w34,30dec2024,19aug2024 16:12:22,01dec2024,2412,XSIE,集运指数（欧线）2412,EC,L2
20aug2024,13670024,756416,2583.3999,2526,2500,2618,2415.2,2494.1001,2582,47259,5893571390,34346,-1.4,-89.300003,-.00054192002,1,0,2024w34,30dec2024,20aug2024 16:11:58,01dec2024,2412,XSIE,集运指数（欧线）2412,EC,L2
21aug2024,13670791,756416,2494.1001,2582,2580,2668,2480,2574.6001,2649,42893,5521663585,35321,154.89999,80.5,.062106568,1,0,2024w34,30dec2024,21aug2024 16:11:35,01dec2024,2412,XSIE,集运指数（欧线）2412,EC,L2
22aug2024,13671558,756416,2574.6001,2649,2660,2797,2611,2695.6001,2729.2,42266,5696787925,35169,154.60001,121,.060048159,1,0,2024w34,30dec2024,22aug2024 16:13:22,01dec2024,2412,XSIE,集运指数（欧线）2412,EC,L2
23aug2024,13672325,756416,2695.6001,2729.2,2700,2750,2605,2663.2,2643,36204,4821074930,35130,-52.599998,-32.400002,-.019513279,1,0,2024w34,30dec2024,23aug2024 16:10:48,01dec2024,2412,XSIE,集运指数（欧线）2412,EC,L2
26aug2024,13673092,756416,2663.2,2643,2656.2,2785.8999,2643,2721.6001,2744.3999,35423,4820379645,32927,81.199997,58.400002,.03048964,1,0,2024w35,30dec2024,26aug2024 16:11:48,01dec2024,2412,XSIE,集运指数（欧线）2412,EC,L2
27aug2024,13673858,756416,2721.6001,2744.3999,2699,2699,2520,2588.3999,2575,41196,5331616390,30966,-146.60001,-133.2,-.053865369,1,0,2024w35,30dec2024,27aug2024 16:11:25,01dec2024,2412,XSIE,集运指数（欧线）2412,EC,L1
28aug2024,13674625,756416,2588.3999,2575,2560,2565,2420,2486.7,2420,33953,4221580020,31593,-168.39999,-101.7,-.065059498,1,0,2024w35,30dec2024,28aug2024 16:11:01,01dec2024,2412,XSIE,集运指数（欧线）2412,EC,L1
29aug2024,13675392,756416,2486.7,2420,2350,2475.8999,2320,2410.3999,2433.1001,37362,4502936025,31927,-53.599998,-76.300003,-.021554669,1,0,2024w35,30dec2024,29aug2024 16:12:49,01dec2024,2412,XSIE,集运指数（欧线）2412,EC,L1
30aug2024,13676159,756416,2410.3999,2433.1001,2400,2458.7,2250,2346.6001,2250.1001,45188,5301983520,32871,-160.3,-63.799999,-.06650348,1,0,2024w35,30dec2024,30aug2024 16:12:25,01dec2024,2412,XSIE,集运指数（欧线）2412,EC,L1
02sep2024,13676932,756416,2346.6001,2250.1001,2218.3,2249.8999,2075.3,2157.7,2076.7,43455,4688152110,34026,-269.89999,-188.89999,-.11501747,1,0,2024w36,30dec2024,02sep2024 16:11:14,01dec2024,2412,XSIE,集运指数（欧线）2412,EC,L1
03sep2024,13677705,756416,2157.7,2076.7,2098,2222,2066,2145.2,2134.8999,60257,6463404220,35035,-22.799999,-12.5,-.01056681,1,0,2024w36,30dec2024,03sep2024 16:10:51,01dec2024,2412,XSIE,集运指数（欧线）2412,EC,L1
04sep2024,13678478,756416,2145.2,2134.8999,2110,2117.8999,2001.6,2041.5,2010,47278,4825965815,36226,-135.2,-103.7,-.063024431,1,0,2024w36,30dec2024,04sep2024 16:12:38,01dec2024,2412,XSIE,集运指数（欧线）2412,EC,L1
05sep2024,13679251,756416,2041.5,2010,2010,2055,1722.1,1875.6,1850,86538,8115875285,38227,-191.5,-165.89999,-.093803577,1,0,2024w36,30dec2024,05sep2024 16:12:15,01dec2024,2412,XSIE,集运指数（欧线）2412,EC,L1
06sep2024,13680024,756416,1875.6,1850,1850,1858,1680.6,1761.2,1735,75398,6639819040,38937,-140.60001,-114.4,-.074962683,1,0,2024w36,30dec2024,06sep2024 16:14:02,01dec2024,2412,XSIE,集运指数（欧线）2412,EC,L1
09sep2024,13680797,756416,1761.2,1735,1713.8,1713.8,1576,1629.4,1607.5,66685,5433054385,41907,-153.7,-131.8,-.087270036,1,0,2024w37,30dec2024,09sep2024 16:12:52,01dec2024,2412,XSIE,集运指数（欧线）2412,EC,L1
10sep2024,13681570,756416,1629.4,1607.5,1593.9,1803,1590.3,1701.1,1714.9,88022,7486774960,41945,85.5,71.699997,.052473299,1,0,2024w37,30dec2024,10sep2024 16:12:28,01dec2024,2412,XSIE,集运指数（欧线）2412,EC,L1
11sep2024,13682343,756416,1701.1,1714.9,1688.8,1950,1609.4,1744.3,1916.7,109400,9541785225,41941,215.60001,43.200001,.12674151,1,0,2024w37,30dec2024,11sep2024 16:12:04,01dec2024,2412,XSIE,集运指数（欧线）2412,EC,L1
12sep2024,13683116,756416,1744.3,1916.7,1915,1916,1770.3,1837.1,1820.2,89321,8204781005,41475,75.900002,92.800003,.04351316,1,0,2024w37,30dec2024,12sep2024 16:13:52,01dec2024,2412,XSIE,集运指数（欧线）2412,EC,L1
13sep2024,13683889,756416,1837.1,1820.2,1810,1862.7,1750,1803.6,1790,67261,6065676940,39995,-47.099998,-33.5,-.02563823,1,0,2024w37,30dec2024,13sep2024 16:13:28,01dec2024,2412,XSIE,集运指数（欧线）2412,EC,L1
18sep2024,13684661,756416,1803.6,1790,1702,1750,1666.6,1703.2,1692,52970,4510934920,38900,-111.6,-100.4,-.061876249,1,0,2024w38,30dec2024,18sep2024 16:09:20,01dec2024,2412,XSIE,集运指数（欧线）2412,EC,L1
19sep2024,13685434,756416,1703.2,1692,1735,1788,1651,1729.5,1739,62439,5399529285,39971,35.799999,26.299999,.021019259,1,0,2024w38,30dec2024,19sep2024 16:13:18,01dec2024,2412,XSIE,集运指数（欧线）2412,EC,L1
20sep2024,13686207,756416,1729.5,1739,1702.9,1749.3,1681,1717.3,1691.6,37539,3223452510,37702,-37.900002,-12.2,-.021913851,1,0,2024w38,30dec2024,20sep2024 16:12:55,01dec2024,2412,XSIE,集运指数（欧线）2412,EC,L1
23sep2024,13686980,756416,1717.3,1691.6,1694.9,1879.9,1693.6,1806.4,1800.7,65195,5888565650,39549,83.400002,89.099998,.048564609,1,0,2024w39,30dec2024,23sep2024 16:11:44,01dec2024,2412,XSIE,集运指数（欧线）2412,EC,L1
24sep2024,13687753,756416,1806.4,1800.7,1791.6,2075.3,1782.1,1926.3,2014.3,79261,7634246505,38109,207.89999,119.9,.11509079,1,0,2024w39,30dec2024,24sep2024 16:20:05,01dec2024,2412,XSIE,集运指数（欧线）2412,EC,L1
25sep2024,13688526,756416,1926.3,2014.3,2050,2230,1951.8,2065.7,1985.1,78435,8101393250,36312,58.799999,139.39999,.030524841,1,0,2024w39,30dec2024,25sep2024 16:30:37,01dec2024,2412,XSIE,集运指数（欧线）2412,EC,L1
26sep2024,13689299,756416,2065.7,1985.1,1979,2069,1928,1999.4,2025.4,48233,4822084990,34624,-40.299999,-66.300003,-.019509129,1,0,2024w39,30dec2024,26sep2024 16:34:35,01dec2024,2412,XSIE,集运指数（欧线）2412,EC,L1
27sep2024,13690072,756416,1999.4,2025.4,2066,2215,2050.2,2117,2141.2,46726,4946114035,31151,141.8,117.6,.070921279,1,0,2024w39,30dec2024,27sep2024 16:23:16,01dec2024,2412,XSIE,集运指数（欧线）2412,EC,L1
